Lambda,Deviation,Val_Tikhonov,Val_Minimize,CPU_Time
0,0.1,8166.09925160896,208.0939121185917,162.46875
