Lambda,Deviation,Val_Tikhonov,Val_Minimize,CPU_Time
0,0.1,54197.19338966748,265.93224906165835,275.90625
