Lambda,Deviation,Val_Tikhonov,Val_Minimize,CPU_Time
0,0.1,4156204.062572438,15087.040091073915,5288.828125
