Lambda,Deviation,Val_Tikhonov,Val_Minimize,CPU_Time
0,0.1,6235.5563225782735,226.49944011562886,174.078125
