Lambda,Deviation,Position,parameters
0,0.1,1,2037.0480093127799
0,0.1,2,3.5696050286982253
0,0.1,3,92.43386653707786
0,0.1,4,7.19030647000556
0,0.1,5,84.6907605097387
