Lambda,Deviation,Val_Tikhonov,Val_Minimize,CPU_Time
0,0.5,3646084.016847407,6046.390616511099,98.0625
