Lambda,Deviation,Position,parameters,T
0,0.0,1,3313.8866688780095,321.0740692992238
0,0.0,2,116.35073912620834,321.07938170905936
