Lambda,Deviation,Val_Tikhonov,Val_Minimize,CPU_Time
0,0.0,10224236.022053715,44297.71408698149,63.203125
