Lambda,Deviation,Val_Tikhonov,Val_Minimize,CPU_Time
0,0.5,12378056.138997832,5559.747032116565,97.28125
